{"cameraMode":{"drawMode":0,"name":"Shaded","section":"Shading Mode"},"sceneLighting":false,"audioPlay":false,"sceneViewState":{"showFog":true,"showMaterialUpdate":false,"showSkybox":false,"showFlares":true,"showImageEffects":true,"showParticleSystems":true},"in2DMode":false,"pivot":{"x":3.6555838584899904,"y":5.287118911743164,"z":11.533799171447754},"rotation":{"x":0.2669329345226288,"y":-0.06787292659282685,"z":0.01885020174086094,"w":0.9611408710479736},"size":14.891590118408204,"orthographic":false}