{"cameraMode":{"drawMode":0,"name":"Shaded","section":"Shading Mode"},"sceneLighting":false,"audioPlay":false,"sceneViewState":{"showFog":true,"showMaterialUpdate":false,"showSkybox":false,"showFlares":true,"showImageEffects":true,"showParticleSystems":true},"in2DMode":false,"pivot":{"x":1.2522687911987305,"y":-11.333487510681153,"z":6.377291679382324},"rotation":{"x":0.33568909764289858,"y":0.27932095527648928,"z":-0.10494518280029297,"w":0.893465518951416},"size":12.917824745178223,"orthographic":false}